AWSCLIV2Command,AWSCLIV2CommandNoDashes,GoV1Package,GoV2Package,ProviderPackageActual,ProviderPackageCorrect,SplitPackageRealPackage,Aliases,ProviderNameUpper,GoV1ClientTypeName,SkipClientGenerate,ClientSDKV1,ClientSDKV2,ResourcePrefixActual,ResourcePrefixCorrect,FilePrefix,DocPrefix,HumanFriendly,Brand,Exclude,NotImplemented,EndpointOnly,AllowedSubcategory,DeprecatedEnvVar,TFAWSEnvVar,SDKID,EndpointAPICall,EndpointAPIParams,Note
accessanalyzer,accessanalyzer,accessanalyzer,accessanalyzer,,accessanalyzer,,,AccessAnalyzer,AccessAnalyzer,,,2,,aws_accessanalyzer_,,accessanalyzer_,IAM Access Analyzer,AWS,,,,,,,AccessAnalyzer,ListAnalyzers,,
account,account,account,account,,account,,,Account,Account,,,2,,aws_account_,,account_,Account Management,AWS,,,,,,,Account,ListRegions,,
acm,acm,acm,acm,,acm,,,ACM,ACM,,,2,,aws_acm_,,acm_,ACM (Certificate Manager),AWS,,,,,,,ACM,ListCertificates,,
acm-pca,acmpca,acmpca,acmpca,,acmpca,,,ACMPCA,ACMPCA,,,2,,aws_acmpca_,,acmpca_,ACM PCA (Certificate Manager Private Certificate Authority),AWS,,,,,,,ACM PCA,ListCertificateAuthorities,,
alexaforbusiness,alexaforbusiness,alexaforbusiness,alexaforbusiness,,alexaforbusiness,,,AlexaForBusiness,AlexaForBusiness,,1,,,aws_alexaforbusiness_,,alexaforbusiness_,Alexa for Business,,,x,,,,,Alexa For Business,,,
amp,amp,prometheusservice,amp,,amp,,prometheus;prometheusservice,AMP,PrometheusService,,,2,aws_prometheus_,aws_amp_,,prometheus_,AMP (Managed Prometheus),Amazon,,,,,,,amp,ListScrapers,,
amplify,amplify,amplify,amplify,,amplify,,,Amplify,Amplify,,,2,,aws_amplify_,,amplify_,Amplify,AWS,,,,,,,Amplify,ListApps,,
amplifybackend,amplifybackend,amplifybackend,amplifybackend,,amplifybackend,,,AmplifyBackend,AmplifyBackend,,1,,,aws_amplifybackend_,,amplifybackend_,Amplify Backend,AWS,,x,,,,,AmplifyBackend,,,
amplifyuibuilder,amplifyuibuilder,amplifyuibuilder,amplifyuibuilder,,amplifyuibuilder,,,AmplifyUIBuilder,AmplifyUIBuilder,,1,,,aws_amplifyuibuilder_,,amplifyuibuilder_,Amplify UI Builder,AWS,,x,,,,,AmplifyUIBuilder,,,
,,,,,,,,,,,,,,,,,Apache MXNet on AWS,AWS,x,,,,,,,,,Documentation
apigateway,apigateway,apigateway,apigateway,,apigateway,,,APIGateway,APIGateway,x,,2,aws_api_gateway_,aws_apigateway_,,api_gateway_,API Gateway,Amazon,,,,,,,API Gateway,GetAccount,,
apigatewaymanagementapi,apigatewaymanagementapi,apigatewaymanagementapi,apigatewaymanagementapi,,apigatewaymanagementapi,,,APIGatewayManagementAPI,ApiGatewayManagementApi,,1,,,aws_apigatewaymanagementapi_,,apigatewaymanagementapi_,API Gateway Management API,Amazon,,x,,,,,ApiGatewayManagementApi,,,
apigatewayv2,apigatewayv2,apigatewayv2,apigatewayv2,,apigatewayv2,,,APIGatewayV2,ApiGatewayV2,,,2,,aws_apigatewayv2_,,apigatewayv2_,API Gateway V2,Amazon,,,,,,,ApiGatewayV2,GetApis,,
appfabric,appfabric,appfabric,appfabric,,appfabric,,,AppFabric,AppFabric,,,2,,aws_appfabric_,,appfabric_,AppFabric,AWS,,,,,,,AppFabric,ListAppBundles,,
appmesh,appmesh,appmesh,appmesh,,appmesh,,,AppMesh,AppMesh,,1,,,aws_appmesh_,,appmesh_,App Mesh,AWS,,,,,,,App Mesh,ListMeshes,,
apprunner,apprunner,apprunner,apprunner,,apprunner,,,AppRunner,AppRunner,,,2,,aws_apprunner_,,apprunner_,App Runner,AWS,,,,,,,AppRunner,ListConnections,,
,,,,,,,,,,,,,,,,,App2Container,AWS,x,,,,,,,,,No SDK support
appconfig,appconfig,appconfig,appconfig,,appconfig,,,AppConfig,AppConfig,,,2,,aws_appconfig_,,appconfig_,AppConfig,AWS,,,,,,,AppConfig,ListApplications,,
appconfigdata,appconfigdata,appconfigdata,appconfigdata,,appconfigdata,,,AppConfigData,AppConfigData,,1,,,aws_appconfigdata_,,appconfigdata_,AppConfig Data,AWS,,x,,,,,AppConfigData,,,
appflow,appflow,appflow,appflow,,appflow,,,AppFlow,Appflow,,,2,,aws_appflow_,,appflow_,AppFlow,Amazon,,,,,,,Appflow,ListFlows,,
appintegrations,appintegrations,appintegrationsservice,appintegrations,,appintegrations,,appintegrationsservice,AppIntegrations,AppIntegrationsService,,,2,,aws_appintegrations_,,appintegrations_,AppIntegrations,Amazon,,,,,,,AppIntegrations,ListApplications,,
application-autoscaling,applicationautoscaling,applicationautoscaling,applicationautoscaling,appautoscaling,applicationautoscaling,,applicationautoscaling,AppAutoScaling,ApplicationAutoScaling,,,2,aws_appautoscaling_,aws_applicationautoscaling_,,appautoscaling_,Application Auto Scaling,,,,,,,,Application Auto Scaling,DescribeScalableTargets,ServiceNamespace: awstypes.ServiceNamespaceEcs,
applicationcostprofiler,applicationcostprofiler,applicationcostprofiler,applicationcostprofiler,,applicationcostprofiler,,,ApplicationCostProfiler,ApplicationCostProfiler,,1,,,aws_applicationcostprofiler_,,applicationcostprofiler_,Application Cost Profiler,AWS,,x,,,,,ApplicationCostProfiler,,,
discovery,discovery,applicationdiscoveryservice,applicationdiscoveryservice,,discovery,,applicationdiscovery;applicationdiscoveryservice,Discovery,ApplicationDiscoveryService,,1,,,aws_discovery_,,discovery_,Application Discovery,AWS,,x,,,,,Application Discovery Service,,,
mgn,mgn,mgn,mgn,,mgn,,,Mgn,Mgn,,1,,,aws_mgn_,,mgn_,Application Migration (Mgn),AWS,,x,,,,,mgn,,,
appstream,appstream,appstream,appstream,,appstream,,,AppStream,AppStream,,1,,,aws_appstream_,,appstream_,AppStream 2.0,Amazon,,,,,,,AppStream,ListAssociatedFleets,,
appsync,appsync,appsync,appsync,,appsync,,,AppSync,AppSync,,1,,,aws_appsync_,,appsync_,AppSync,AWS,,,,,,,AppSync,ListDomainNames,,
,,,,,,,,,,,,,,,,,Artifact,AWS,x,,,,,,,,,No SDK support
athena,athena,athena,athena,,athena,,,Athena,Athena,,,2,,aws_athena_,,athena_,Athena,Amazon,,,,,,,Athena,ListDataCatalogs,,
auditmanager,auditmanager,auditmanager,auditmanager,,auditmanager,,,AuditManager,AuditManager,,,2,,aws_auditmanager_,,auditmanager_,Audit Manager,AWS,,,,,,,AuditManager,GetAccountStatus,,
autoscaling,autoscaling,autoscaling,autoscaling,,autoscaling,,,AutoScaling,AutoScaling,,,2,aws_(autoscaling_|launch_configuration),aws_autoscaling_,,autoscaling_;launch_configuration,Auto Scaling,,,,,,,,Auto Scaling,DescribeAutoScalingGroups,,
autoscaling-plans,autoscalingplans,autoscalingplans,autoscalingplans,,autoscalingplans,,,AutoScalingPlans,AutoScalingPlans,,,2,,aws_autoscalingplans_,,autoscalingplans_,Auto Scaling Plans,,,,,,,,Auto Scaling Plans,DescribeScalingPlans,,
,,,,,,,,,,,,,,,,,Backint Agent for SAP HANA,AWS,x,,,,,,,,,No SDK support
backup,backup,backup,backup,,backup,,,Backup,Backup,,1,,,aws_backup_,,backup_,Backup,AWS,,,,,,,Backup,ListBackupPlans,,
backup-gateway,backupgateway,backupgateway,backupgateway,,backupgateway,,,BackupGateway,BackupGateway,,1,,,aws_backupgateway_,,backupgateway_,Backup Gateway,AWS,,x,,,,,Backup Gateway,,,
batch,batch,batch,batch,,batch,,,Batch,Batch,,1,2,,aws_batch_,,batch_,Batch,AWS,,,,,,,Batch,ListJobs,,
bedrock,bedrock,bedrock,bedrock,,bedrock,,,Bedrock,Bedrock,,,2,,aws_bedrock_,,bedrock_,Amazon Bedrock,Amazon,,,,,,,Bedrock,ListFoundationModels,,
bedrock-agent,bedrockagent,bedrockagent,bedrockagent,,bedrockagent,,,BedrockAgent,BedrockAgent,,,2,,aws_bedrockagent_,,bedrockagent_,Agents for Amazon Bedrock,Amazon,,,,,,,Bedrock Agent,ListAgents,,
bcmdataexports,bcmdataexports,bcmdataexports,bcmdataexports,,bcmdataexports,,,BCMDataExports,BCMDataExports,,,2,,aws_bcmdataexports_,,bcmdataexports_,BCM Data Exports,Amazon,,,,,,,BCM Data Exports,ListExports,,
billingconductor,billingconductor,billingconductor,,,billingconductor,,,BillingConductor,BillingConductor,,1,,,aws_billingconductor_,,billingconductor_,Billing Conductor,AWS,,x,,,,,billingconductor,,,
braket,braket,braket,braket,,braket,,,Braket,Braket,,1,,,aws_braket_,,braket_,Braket,Amazon,,x,,,,,Braket,,,
ce,ce,costexplorer,costexplorer,,ce,,costexplorer,CE,CostExplorer,,,2,,aws_ce_,,ce_,CE (Cost Explorer),AWS,,,,,,,Cost Explorer,ListCostCategoryDefinitions,,
chatbot,chatbot,chatbot,chatbot,,chatbot,,,Chatbot,,x,,2,,aws_chatbot_,,chatbot_,Chatbot,AWS,,,,,,,Chatbot,GetAccountPreferences,,
chime,chime,chime,chime,,chime,,,Chime,Chime,,1,,,aws_chime_,,chime_,Chime,Amazon,,,,,,,Chime,ListAccounts,,
chime-sdk-identity,chimesdkidentity,chimesdkidentity,chimesdkidentity,,chimesdkidentity,,,ChimeSDKIdentity,ChimeSDKIdentity,,1,,,aws_chimesdkidentity_,,chimesdkidentity_,Chime SDK Identity,Amazon,,x,,,,,Chime SDK Identity,,,
chime-sdk-mediapipelines,chimesdkmediapipelines,chimesdkmediapipelines,chimesdkmediapipelines,,chimesdkmediapipelines,,,ChimeSDKMediaPipelines,ChimeSDKMediaPipelines,,,2,,aws_chimesdkmediapipelines_,,chimesdkmediapipelines_,Chime SDK Media Pipelines,Amazon,,,,,,,Chime SDK Media Pipelines,ListMediaPipelines,,
chime-sdk-meetings,chimesdkmeetings,chimesdkmeetings,chimesdkmeetings,,chimesdkmeetings,,,ChimeSDKMeetings,ChimeSDKMeetings,,1,,,aws_chimesdkmeetings_,,chimesdkmeetings_,Chime SDK Meetings,Amazon,,x,,,,,Chime SDK Meetings,,,
chime-sdk-messaging,chimesdkmessaging,chimesdkmessaging,chimesdkmessaging,,chimesdkmessaging,,,ChimeSDKMessaging,ChimeSDKMessaging,,1,,,aws_chimesdkmessaging_,,chimesdkmessaging_,Chime SDK Messaging,Amazon,,x,,,,,Chime SDK Messaging,,,
chime-sdk-voice,chimesdkvoice,chimesdkvoice,chimesdkvoice,,chimesdkvoice,,,ChimeSDKVoice,ChimeSDKVoice,,,2,,aws_chimesdkvoice_,,chimesdkvoice_,Chime SDK Voice,Amazon,,,,,,,Chime SDK Voice,ListPhoneNumbers,,
cleanrooms,cleanrooms,cleanrooms,cleanrooms,,cleanrooms,,,CleanRooms,CleanRooms,,,2,,aws_cleanrooms_,,cleanrooms_,Clean Rooms,AWS,,,,,,,CleanRooms,ListCollaborations,,
,,,,,,,,,,,,,,,,,CLI (Command Line Interface),AWS,x,,,,,,,,,No SDK support
configure,configure,,,,,,,,,,,,,,,,CLI Configure options,AWS,x,,,,,,,,,CLI only
ddb,ddb,,,,,,,,,,,,,,,,CLI High-level DynamoDB commands,AWS,x,,,,,,,,,Part of DynamoDB
s3,s3,,,,,,,,,,,,,,,,CLI High-level S3 commands,AWS,x,,,,,,,,,CLI only
history,history,,,,,,,,,,,,,,,,CLI History of commands,AWS,x,,,,,,,,,CLI only
importexport,importexport,,,,,,,,,,,,,,,,CLI Import/Export,AWS,x,,,,,,,,,CLI only
cli-dev,clidev,,,,,,,,,,,,,,,,CLI Internal commands for development,AWS,x,,,,,,,,,CLI only
cloudcontrol,cloudcontrol,cloudcontrolapi,cloudcontrol,,cloudcontrol,,cloudcontrolapi,CloudControl,CloudControlApi,,,2,aws_cloudcontrolapi_,aws_cloudcontrol_,,cloudcontrolapi_,Cloud Control API,AWS,,,,,,,CloudControl,ListResourceRequests,,
,,,,,,,,,,,,,,,,,Cloud Digital Interface SDK,AWS,x,,,,,,,,,No SDK support
clouddirectory,clouddirectory,clouddirectory,clouddirectory,,clouddirectory,,,CloudDirectory,CloudDirectory,,1,,,aws_clouddirectory_,,clouddirectory_,Cloud Directory,Amazon,,x,,,,,CloudDirectory,,,
servicediscovery,servicediscovery,servicediscovery,servicediscovery,,servicediscovery,,,ServiceDiscovery,ServiceDiscovery,,1,,aws_service_discovery_,aws_servicediscovery_,,service_discovery_,Cloud Map,AWS,,,,,,,ServiceDiscovery,ListNamespaces,,
cloud9,cloud9,cloud9,cloud9,,cloud9,,,Cloud9,Cloud9,,,2,,aws_cloud9_,,cloud9_,Cloud9,AWS,,,,,,,Cloud9,ListEnvironments,,
cloudformation,cloudformation,cloudformation,cloudformation,,cloudformation,,,CloudFormation,CloudFormation,x,,2,,aws_cloudformation_,,cloudformation_,CloudFormation,AWS,,,,,,,CloudFormation,ListStackInstances,"StackSetName: aws_sdkv2.String(""test"")",
cloudfront,cloudfront,cloudfront,cloudfront,,cloudfront,,,CloudFront,CloudFront,,,2,,aws_cloudfront_,,cloudfront_,CloudFront,Amazon,,,,,,,CloudFront,ListDistributions,,
cloudfront-keyvaluestore,cloudfrontkeyvaluestore,,cloudfrontkeyvaluestore,,cloudfrontkeyvaluestore,,,CloudFrontKeyValueStore,CloudFrontKeyValueStore,,,2,,aws_cloudfrontkeyvaluestore_,,cloudfrontkeyvaluestore_,CloudFront KeyValueStore,Amazon,,,,,,,CloudFront KeyValueStore,ListKeys,"KvsARN: aws_sdkv2.String(""arn:aws:cloudfront::111122223333:key-value-store/MaxAge"")",
cloudhsm,cloudhsm,cloudhsm,cloudhsm,,,,,,,,,,,,,,CloudHSM,AWS,x,,,,,,,,,Legacy
cloudhsmv2,cloudhsmv2,cloudhsmv2,cloudhsmv2,,cloudhsmv2,,cloudhsm,CloudHSMV2,CloudHSMV2,x,,2,aws_cloudhsm_v2_,aws_cloudhsmv2_,,cloudhsm,CloudHSM,AWS,,,,,,,CloudHSM V2,DescribeClusters,,
cloudsearch,cloudsearch,cloudsearch,cloudsearch,,cloudsearch,,,CloudSearch,CloudSearch,,,2,,aws_cloudsearch_,,cloudsearch_,CloudSearch,Amazon,,,,,,,CloudSearch,ListDomainNames,,
cloudsearchdomain,cloudsearchdomain,cloudsearchdomain,cloudsearchdomain,,cloudsearchdomain,,,CloudSearchDomain,CloudSearchDomain,,1,,,aws_cloudsearchdomain_,,cloudsearchdomain_,CloudSearch Domain,Amazon,,x,,,,,CloudSearch Domain,,,
,,,,,,,,,,,,,,,,,CloudShell,AWS,x,,,,,,,,,No SDK support
cloudtrail,cloudtrail,cloudtrail,cloudtrail,,cloudtrail,,,CloudTrail,CloudTrail,,,2,aws_cloudtrail,aws_cloudtrail_,,cloudtrail,CloudTrail,AWS,,,,,,,CloudTrail,ListChannels,,
cloudwatch,cloudwatch,cloudwatch,cloudwatch,,cloudwatch,,,CloudWatch,CloudWatch,,,2,aws_cloudwatch_(?!(event_|log_|query_)),aws_cloudwatch_,,cloudwatch_dashboard;cloudwatch_metric_;cloudwatch_composite_,CloudWatch,Amazon,,,,,,,CloudWatch,ListDashboards,,
application-insights,applicationinsights,applicationinsights,applicationinsights,,applicationinsights,,,ApplicationInsights,ApplicationInsights,,1,,,aws_applicationinsights_,,applicationinsights_,CloudWatch Application Insights,Amazon,,,,,,,Application Insights,CreateApplication,,
evidently,evidently,cloudwatchevidently,evidently,,evidently,,cloudwatchevidently,Evidently,CloudWatchEvidently,,,2,,aws_evidently_,,evidently_,CloudWatch Evidently,Amazon,,,,,,,Evidently,ListProjects,,
internetmonitor,internetmonitor,internetmonitor,internetmonitor,,internetmonitor,,,InternetMonitor,InternetMonitor,,,2,,aws_internetmonitor_,,internetmonitor_,CloudWatch Internet Monitor,Amazon,,,,,,,InternetMonitor,ListMonitors,,
logs,logs,cloudwatchlogs,cloudwatchlogs,,logs,,cloudwatchlog;cloudwatchlogs,Logs,CloudWatchLogs,,,2,aws_cloudwatch_(log_|query_),aws_logs_,,cloudwatch_log_;cloudwatch_query_,CloudWatch Logs,Amazon,,,,,,,CloudWatch Logs,ListAnomalies,,
rum,rum,cloudwatchrum,rum,,rum,,cloudwatchrum,RUM,CloudWatchRUM,,1,,,aws_rum_,,rum_,CloudWatch RUM,Amazon,,,,,,,RUM,ListAppMonitors,,
synthetics,synthetics,synthetics,synthetics,,synthetics,,,Synthetics,Synthetics,,,2,,aws_synthetics_,,synthetics_,CloudWatch Synthetics,Amazon,,,,,,,synthetics,ListGroups,,
codeartifact,codeartifact,codeartifact,codeartifact,,codeartifact,,,CodeArtifact,CodeArtifact,,,2,,aws_codeartifact_,,codeartifact_,CodeArtifact,AWS,,,,,,,codeartifact,ListDomains,,
codebuild,codebuild,codebuild,codebuild,,codebuild,,,CodeBuild,CodeBuild,,,2,,aws_codebuild_,,codebuild_,CodeBuild,AWS,,,,,,,CodeBuild,ListBuildBatches,,
codecommit,codecommit,codecommit,codecommit,,codecommit,,,CodeCommit,CodeCommit,,,2,,aws_codecommit_,,codecommit_,CodeCommit,AWS,,,,,,,CodeCommit,ListRepositories,,
deploy,deploy,codedeploy,codedeploy,,deploy,,codedeploy,Deploy,CodeDeploy,,,2,aws_codedeploy_,aws_deploy_,,codedeploy_,CodeDeploy,AWS,,,,,,,CodeDeploy,ListApplications,,
codeguruprofiler,codeguruprofiler,codeguruprofiler,codeguruprofiler,,codeguruprofiler,,,CodeGuruProfiler,CodeGuruProfiler,,,2,,aws_codeguruprofiler_,,codeguruprofiler_,CodeGuru Profiler,Amazon,,,,,,,CodeGuruProfiler,ListProfilingGroups,,
codeguru-reviewer,codegurureviewer,codegurureviewer,codegurureviewer,,codegurureviewer,,,CodeGuruReviewer,CodeGuruReviewer,,,2,,aws_codegurureviewer_,,codegurureviewer_,CodeGuru Reviewer,Amazon,,,,,,,CodeGuru Reviewer,ListCodeReviews,Type: awstypes.TypePullRequest,
codepipeline,codepipeline,codepipeline,codepipeline,,codepipeline,,,CodePipeline,CodePipeline,,,2,aws_codepipeline,aws_codepipeline_,,codepipeline,CodePipeline,AWS,,,,,,,CodePipeline,ListPipelines,,
codestar,codestar,codestar,codestar,,codestar,,,CodeStar,CodeStar,,1,,,aws_codestar_,,codestar_,CodeStar,AWS,,x,,,,,CodeStar,,,
codestar-connections,codestarconnections,codestarconnections,codestarconnections,,codestarconnections,,,CodeStarConnections,CodeStarConnections,,,2,,aws_codestarconnections_,,codestarconnections_,CodeStar Connections,AWS,,,,,,,CodeStar connections,ListConnections,,
codestar-notifications,codestarnotifications,codestarnotifications,codestarnotifications,,codestarnotifications,,,CodeStarNotifications,CodeStarNotifications,,,2,,aws_codestarnotifications_,,codestarnotifications_,CodeStar Notifications,AWS,,,,,,,codestar notifications,ListTargets,,
cognito-identity,cognitoidentity,cognitoidentity,cognitoidentity,,cognitoidentity,,,CognitoIdentity,CognitoIdentity,,,2,aws_cognito_identity_(?!provider),aws_cognitoidentity_,,cognito_identity_pool,Cognito Identity,Amazon,,,,,,,Cognito Identity,ListIdentityPools,MaxResults: aws_sdkv2.Int32(1),
cognito-idp,cognitoidp,cognitoidentityprovider,cognitoidentityprovider,,cognitoidp,,cognitoidentityprovider,CognitoIDP,CognitoIdentityProvider,,1,,aws_cognito_(identity_provider|resource|user|risk),aws_cognitoidp_,,cognito_identity_provider;cognito_managed_user;cognito_resource_;cognito_user;cognito_risk,Cognito IDP (Identity Provider),Amazon,,,,,,,Cognito Identity Provider,ListUserPools,,
cognito-sync,cognitosync,cognitosync,cognitosync,,cognitosync,,,CognitoSync,CognitoSync,,1,,,aws_cognitosync_,,cognitosync_,Cognito Sync,Amazon,,x,,,,,Cognito Sync,,,
comprehend,comprehend,comprehend,comprehend,,comprehend,,,Comprehend,Comprehend,,,2,,aws_comprehend_,,comprehend_,Comprehend,Amazon,,,,,,,Comprehend,ListDocumentClassifiers,,
comprehendmedical,comprehendmedical,comprehendmedical,comprehendmedical,,comprehendmedical,,,ComprehendMedical,ComprehendMedical,,1,,,aws_comprehendmedical_,,comprehendmedical_,Comprehend Medical,Amazon,,x,,,,,ComprehendMedical,,,
compute-optimizer,computeoptimizer,computeoptimizer,computeoptimizer,,computeoptimizer,,,ComputeOptimizer,ComputeOptimizer,,,2,,aws_computeoptimizer_,,computeoptimizer_,Compute Optimizer,AWS,,,,,,,Compute Optimizer,GetEnrollmentStatus,,
configservice,configservice,configservice,configservice,,configservice,,config,ConfigService,ConfigService,,,2,aws_config_,aws_configservice_,,config_,Config,AWS,,,,,,,Config Service,ListStoredQueries,,
connect,connect,connect,connect,,connect,,,Connect,Connect,,1,,,aws_connect_,,connect_,Connect,Amazon,,,,,,,Connect,ListInstances,,
connectcases,connectcases,connectcases,connectcases,,connectcases,,,ConnectCases,ConnectCases,,,2,,aws_connectcases_,,connectcases_,Connect Cases,Amazon,,,,,,,ConnectCases,ListDomains,,
connect-contact-lens,connectcontactlens,connectcontactlens,connectcontactlens,,connectcontactlens,,,ConnectContactLens,ConnectContactLens,,1,,,aws_connectcontactlens_,,connectcontactlens_,Connect Contact Lens,Amazon,,x,,,,,Connect Contact Lens,,,
customer-profiles,customerprofiles,customerprofiles,customerprofiles,,customerprofiles,,,CustomerProfiles,CustomerProfiles,,,2,,aws_customerprofiles_,,customerprofiles_,Connect Customer Profiles,Amazon,,,,,,,Customer Profiles,ListDomains,,
connectparticipant,connectparticipant,connectparticipant,connectparticipant,,connectparticipant,,,ConnectParticipant,ConnectParticipant,,1,,,aws_connectparticipant_,,connectparticipant_,Connect Participant,Amazon,,x,,,,,ConnectParticipant,,,
voice-id,voiceid,voiceid,voiceid,,voiceid,,,VoiceID,VoiceID,,1,,,aws_voiceid_,,voiceid_,Connect Voice ID,Amazon,,x,,,,,Voice ID,,,
wisdom,wisdom,connectwisdomservice,wisdom,,wisdom,,connectwisdomservice,Wisdom,ConnectWisdomService,,1,,,aws_wisdom_,,wisdom_,Connect Wisdom,Amazon,,x,,,,,Wisdom,,,
,,,,,,,,,,,,,,,,,Console Mobile Application,AWS,x,,,,,,,,,No SDK support
controltower,controltower,controltower,controltower,,controltower,,,ControlTower,ControlTower,,,2,,aws_controltower_,,controltower_,Control Tower,AWS,,,,,,,ControlTower,ListLandingZones,,
cost-optimization-hub,costoptimizationhub,costoptimizationhub,costoptimizationhub,,costoptimizationhub,,,CostOptimizationHub,CostOptimizationHub,x,,2,,aws_costoptimizationhub_,,costoptimizationhub_,Cost Optimization Hub,AWS,,,,,,,Cost Optimization Hub,GetPreferences,,
cur,cur,costandusagereportservice,costandusagereportservice,,cur,,costandusagereportservice,CUR,CostandUsageReportService,x,,2,,aws_cur_,,cur_,Cost and Usage Report,AWS,,,,,,,Cost and Usage Report Service,DescribeReportDefinitions,,
,,,,,,,,,,,,,,,,,Crypto Tools,AWS,x,,,,,,,,,No SDK support
,,,,,,,,,,,,,,,,,Cryptographic Services Overview,AWS,x,,,,,,,,,No SDK support
dataexchange,dataexchange,dataexchange,dataexchange,,dataexchange,,,DataExchange,DataExchange,,1,,,aws_dataexchange_,,dataexchange_,Data Exchange,AWS,,,,,,,DataExchange,ListDataSets,,
datapipeline,datapipeline,datapipeline,datapipeline,,datapipeline,,,DataPipeline,DataPipeline,,1,,,aws_datapipeline_,,datapipeline_,Data Pipeline,AWS,,,,,,,Data Pipeline,ListPipelines,,
datasync,datasync,datasync,datasync,,datasync,,,DataSync,DataSync,,,2,,aws_datasync_,,datasync_,DataSync,AWS,,,,,,,DataSync,ListAgents,,
datazone,datazone,datazone,datazone,,datazone,,,DataZone,DataZone,,,2,,aws_datazone_,,datazone_,DataZone,Amazon,,,,,,,DataZone,ListDomains,,
,,,,,,,,,,,,,,,,,Deep Learning AMIs,AWS,x,,,,,,,,,No SDK support
,,,,,,,,,,,,,,,,,Deep Learning Containers,AWS,x,,,,,,,,,No SDK support
,,,,,,,,,,,,,,,,,DeepComposer,AWS,x,,,,,,,,,No SDK support
,,,,,,,,,,,,,,,,,DeepLens,AWS,x,,,,,,,,,No SDK support
,,,,,,,,,,,,,,,,,DeepRacer,AWS,x,,,,,,,,,No SDK support
detective,detective,detective,detective,,detective,,,Detective,Detective,,1,,,aws_detective_,,detective_,Detective,Amazon,,,,,,,Detective,ListGraphs,,
devicefarm,devicefarm,devicefarm,devicefarm,,devicefarm,,,DeviceFarm,DeviceFarm,,1,,,aws_devicefarm_,,devicefarm_,Device Farm,AWS,,,,,,,Device Farm,ListDeviceInstances,,
devops-guru,devopsguru,devopsguru,devopsguru,,devopsguru,,,DevOpsGuru,DevOpsGuru,,,2,,aws_devopsguru_,,devopsguru_,DevOps Guru,Amazon,,,,,,,DevOps Guru,DescribeAccountHealth,,
directconnect,directconnect,directconnect,directconnect,,directconnect,,,DirectConnect,DirectConnect,,1,,aws_dx_,aws_directconnect_,,dx_,Direct Connect,AWS,,,,,,,Direct Connect,DescribeConnections,,
dlm,dlm,dlm,dlm,,dlm,,,DLM,DLM,,1,,,aws_dlm_,,dlm_,DLM (Data Lifecycle Manager),Amazon,,,,,,,DLM,GetLifecyclePolicies,,
dms,dms,databasemigrationservice,databasemigrationservice,,dms,,databasemigration;databasemigrationservice,DMS,DatabaseMigrationService,,1,,,aws_dms_,,dms_,DMS (Database Migration),AWS,,,,,,,Database Migration Service,DescribeCertificates,,
docdb,docdb,docdb,docdb,,docdb,,,DocDB,DocDB,,1,,,aws_docdb_,,docdb_,DocumentDB,Amazon,,,,,,,DocDB,DescribeDBClusters,,
docdb-elastic,docdbelastic,docdbelastic,docdbelastic,,docdbelastic,,,DocDBElastic,DocDBElastic,,,2,,aws_docdbelastic_,,docdbelastic_,DocumentDB Elastic,Amazon,,,,,,,DocDB Elastic,ListClusters,,
drs,drs,drs,drs,,drs,,,DRS,Drs,,1,,,aws_drs_,,drs_,DRS (Elastic Disaster Recovery),AWS,,x,,,,,drs,,,
ds,ds,directoryservice,directoryservice,,ds,,directoryservice,DS,DirectoryService,,1,2,aws_directory_service_,aws_ds_,,directory_service_,Directory Service,AWS,,,,,,,Directory Service,DescribeDirectories,,
dynamodb,dynamodb,dynamodb,dynamodb,,dynamodb,,,DynamoDB,DynamoDB,x,,2,,aws_dynamodb_,,dynamodb_,DynamoDB,Amazon,,,,,AWS_DYNAMODB_ENDPOINT,TF_AWS_DYNAMODB_ENDPOINT,DynamoDB,ListTables,,
dax,dax,dax,dax,,dax,,,DAX,DAX,,,2,,aws_dax_,,dax_,DynamoDB Accelerator (DAX),Amazon,,,,,,,DAX,DescribeClusters,,
dynamodbstreams,dynamodbstreams,dynamodbstreams,dynamodbstreams,,dynamodbstreams,,,DynamoDBStreams,DynamoDBStreams,,1,,,aws_dynamodbstreams_,,dynamodbstreams_,DynamoDB Streams,Amazon,,x,,,,,DynamoDB Streams,,,
,,,,,ec2ebs,ec2,,EC2EBS,,,,,aws_(ebs_|volume_attach|snapshot_create),aws_ec2ebs_,ebs_,ebs_;volume_attachment;snapshot_,EBS (EC2),Amazon,x,,,x,,,,,,Part of EC2
ebs,ebs,ebs,ebs,,ebs,,,EBS,EBS,,1,,,aws_ebs_,,changewhenimplemented,EBS (Elastic Block Store),Amazon,,x,,,,,EBS,,,
ec2,ec2,ec2,ec2,,ec2,ec2,,EC2,EC2,,1,2,aws_(ami|availability_zone|ec2_(availability|capacity|fleet|host|instance|public_ipv4_pool|serial|spot|tag)|eip|instance|key_pair|launch_template|placement_group|spot),aws_ec2_,ec2_,ami;availability_zone;ec2_availability_;ec2_capacity_;ec2_fleet;ec2_host;ec2_image_;ec2_instance_;ec2_public_ipv4_pool;ec2_serial_;ec2_spot_;ec2_tag;eip;instance;key_pair;launch_template;placement_group;spot_,EC2 (Elastic Compute Cloud),Amazon,,,,,,,EC2,DescribeVpcs,,
imagebuilder,imagebuilder,imagebuilder,imagebuilder,,imagebuilder,,,ImageBuilder,Imagebuilder,,1,,,aws_imagebuilder_,,imagebuilder_,EC2 Image Builder,Amazon,,,,,,,imagebuilder,ListImages,,
ec2-instance-connect,ec2instanceconnect,ec2instanceconnect,ec2instanceconnect,,ec2instanceconnect,,,EC2InstanceConnect,EC2InstanceConnect,,1,,,aws_ec2instanceconnect_,,ec2instanceconnect_,EC2 Instance Connect,AWS,,x,,,,,EC2 Instance Connect,,,
ecr,ecr,ecr,ecr,,ecr,,,ECR,ECR,,,2,,aws_ecr_,,ecr_,ECR (Elastic Container Registry),Amazon,,,,,,,ECR,DescribeRepositories,,
ecr-public,ecrpublic,ecrpublic,ecrpublic,,ecrpublic,,,ECRPublic,ECRPublic,,,2,,aws_ecrpublic_,,ecrpublic_,ECR Public,Amazon,,,,,,,ECR PUBLIC,DescribeRepositories,,
ecs,ecs,ecs,ecs,,ecs,,,ECS,ECS,,1,2,,aws_ecs_,,ecs_,ECS (Elastic Container),Amazon,,,,,,,ECS,ListClusters,,
efs,efs,efs,efs,,efs,,,EFS,EFS,,1,,,aws_efs_,,efs_,EFS (Elastic File System),Amazon,,,,,,,EFS,DescribeFileSystems,,
eks,eks,eks,eks,,eks,,,EKS,EKS,,,2,,aws_eks_,,eks_,EKS (Elastic Kubernetes),Amazon,,,,,,,EKS,ListClusters,,
elasticbeanstalk,elasticbeanstalk,elasticbeanstalk,elasticbeanstalk,,elasticbeanstalk,,beanstalk,ElasticBeanstalk,ElasticBeanstalk,,,2,aws_elastic_beanstalk_,aws_elasticbeanstalk_,,elastic_beanstalk_,Elastic Beanstalk,AWS,,,,,,,Elastic Beanstalk,ListAvailableSolutionStacks,,
elastic-inference,elasticinference,elasticinference,elasticinference,,elasticinference,,,ElasticInference,ElasticInference,,1,,,aws_elasticinference_,,elasticinference_,Elastic Inference,Amazon,,x,,,,,Elastic Inference,,,
elastictranscoder,elastictranscoder,elastictranscoder,elastictranscoder,,elastictranscoder,,,ElasticTranscoder,ElasticTranscoder,,1,,,aws_elastictranscoder_,,elastictranscoder_,Elastic Transcoder,Amazon,,,,,,,Elastic Transcoder,ListPipelines,,
elasticache,elasticache,elasticache,elasticache,,elasticache,,,ElastiCache,ElastiCache,,1,2,,aws_elasticache_,,elasticache_,ElastiCache,Amazon,,,,,,,ElastiCache,DescribeCacheClusters,,
es,es,elasticsearchservice,elasticsearchservice,elasticsearch,es,,es;elasticsearchservice,Elasticsearch,ElasticsearchService,,1,,aws_elasticsearch_,aws_es_,,elasticsearch_,Elasticsearch,Amazon,,,,,,,Elasticsearch Service,ListDomainNames,,
elbv2,elbv2,elbv2,elasticloadbalancingv2,,elbv2,,elasticloadbalancingv2,ELBV2,ELBV2,,1,2,aws_a?lb(\b|_listener|_target_group|s|_trust_store),aws_elbv2_,,lbs?\.;lb_listener;lb_target_group;lb_hosted;lb_trust_store,ELB (Elastic Load Balancing),,,,,,,,Elastic Load Balancing v2,DescribeLoadBalancers,,
elb,elb,elb,elasticloadbalancing,,elb,,elasticloadbalancing,ELB,ELB,,1,,aws_(app_cookie_stickiness_policy|elb|lb_cookie_stickiness_policy|lb_ssl_negotiation_policy|load_balancer_|proxy_protocol_policy),aws_elb_,,app_cookie_stickiness_policy;elb;lb_cookie_stickiness_policy;lb_ssl_negotiation_policy;load_balancer;proxy_protocol_policy,ELB Classic,,,,,,,,Elastic Load Balancing,DescribeLoadBalancers,,
mediaconnect,mediaconnect,mediaconnect,mediaconnect,,mediaconnect,,,MediaConnect,MediaConnect,,,2,,aws_mediaconnect_,,mediaconnect_,Elemental MediaConnect,AWS,,,,,,,MediaConnect,ListBridges,,
mediaconvert,mediaconvert,mediaconvert,mediaconvert,,mediaconvert,,,MediaConvert,MediaConvert,,,2,aws_media_convert_,aws_mediaconvert_,,media_convert_,Elemental MediaConvert,AWS,,,,,,,MediaConvert,ListJobs,,
medialive,medialive,medialive,medialive,,medialive,,,MediaLive,MediaLive,,,2,,aws_medialive_,,medialive_,Elemental MediaLive,AWS,,,,,,,MediaLive,ListOfferings,,
mediapackage,mediapackage,mediapackage,mediapackage,,mediapackage,,,MediaPackage,MediaPackage,,,2,aws_media_package_,aws_mediapackage_,,media_package_,Elemental MediaPackage,AWS,,,,,,,MediaPackage,ListChannels,,
mediapackage-vod,mediapackagevod,mediapackagevod,mediapackagevod,,mediapackagevod,,,MediaPackageVOD,MediaPackageVod,,1,,,aws_mediapackagevod_,,mediapackagevod_,Elemental MediaPackage VOD,AWS,,x,,,,,MediaPackage Vod,,,
mediastore,mediastore,mediastore,mediastore,,mediastore,,,MediaStore,MediaStore,,,2,aws_media_store_,aws_mediastore_,,media_store_,Elemental MediaStore,AWS,,,,,,,MediaStore,ListContainers,,
mediastore-data,mediastoredata,mediastoredata,mediastoredata,,mediastoredata,,,MediaStoreData,MediaStoreData,,1,,,aws_mediastoredata_,,mediastoredata_,Elemental MediaStore Data,AWS,,x,,,,,MediaStore Data,,,
mediatailor,mediatailor,mediatailor,mediatailor,,mediatailor,,,MediaTailor,MediaTailor,,1,,,aws_mediatailor_,,media_tailor_,Elemental MediaTailor,AWS,,x,,,,,MediaTailor,,,
,,,,,,,,,,,,,,,,,Elemental On-Premises,AWS,x,,,,,,,,,No SDK support
emr,emr,emr,emr,,emr,,,EMR,EMR,,1,2,,aws_emr_,,emr_,EMR,Amazon,,,,,,,EMR,ListClusters,,
emr-containers,emrcontainers,emrcontainers,emrcontainers,,emrcontainers,,,EMRContainers,EMRContainers,,1,,,aws_emrcontainers_,,emrcontainers_,EMR Containers,Amazon,,,,,,,EMR containers,ListVirtualClusters,,
emr-serverless,emrserverless,emrserverless,emrserverless,,emrserverless,,,EMRServerless,EMRServerless,,,2,,aws_emrserverless_,,emrserverless_,EMR Serverless,Amazon,,,,,,,EMR Serverless,ListApplications,,
,,,,,,,,,,,,,,,,,End-of-Support Migration Program (EMP) for Windows Server,AWS,x,,,,,,,,,No SDK support
events,events,eventbridge,eventbridge,,events,,eventbridge;cloudwatchevents,Events,EventBridge,,,2,aws_cloudwatch_event_,aws_events_,,cloudwatch_event_,EventBridge,Amazon,,,,,,,EventBridge,ListEventBuses,,
schemas,schemas,schemas,schemas,,schemas,,,Schemas,Schemas,,1,,,aws_schemas_,,schemas_,EventBridge Schemas,Amazon,,,,,,,schemas,ListRegistries,,
fis,fis,fis,fis,,fis,,,FIS,FIS,,,2,,aws_fis_,,fis_,FIS (Fault Injection Simulator),AWS,,,,,,,fis,ListExperiments,,
finspace,finspace,finspace,finspace,,finspace,,,FinSpace,Finspace,,,2,,aws_finspace_,,finspace_,FinSpace,Amazon,,,,,,,finspace,ListEnvironments,,
finspace-data,finspacedata,finspacedata,finspacedata,,finspacedata,,,FinSpaceData,FinSpaceData,,1,,,aws_finspacedata_,,finspacedata_,FinSpace Data,Amazon,,x,,,,,finspace data,,,
fms,fms,fms,fms,,fms,,,FMS,FMS,x,,2,,aws_fms_,,fms_,FMS (Firewall Manager),AWS,,,,,,,FMS,ListAppsLists,MaxResults: aws_sdkv2.Int32(1),
forecast,forecast,forecastservice,forecast,,forecast,,forecastservice,Forecast,ForecastService,,1,,,aws_forecast_,,forecast_,Forecast,Amazon,,x,,,,,forecast,,,
forecastquery,forecastquery,forecastqueryservice,forecastquery,,forecastquery,,forecastqueryservice,ForecastQuery,ForecastQueryService,,1,,,aws_forecastquery_,,forecastquery_,Forecast Query,Amazon,,x,,,,,forecastquery,,,
frauddetector,frauddetector,frauddetector,frauddetector,,frauddetector,,,FraudDetector,FraudDetector,,1,,,aws_frauddetector_,,frauddetector_,Fraud Detector,Amazon,,x,,,,,FraudDetector,,,
,,,,,,,,,,,,,,,,,FreeRTOS,,x,,,,,,,,,No SDK support
fsx,fsx,fsx,fsx,,fsx,,,FSx,FSx,,1,,,aws_fsx_,,fsx_,FSx,Amazon,,,,,,,FSx,DescribeFileSystems,,
gamelift,gamelift,gamelift,gamelift,,gamelift,,,GameLift,GameLift,,1,,,aws_gamelift_,,gamelift_,GameLift,Amazon,,,,,,,GameLift,ListGameServerGroups,,
globalaccelerator,globalaccelerator,globalaccelerator,globalaccelerator,,globalaccelerator,,,GlobalAccelerator,GlobalAccelerator,x,,2,,aws_globalaccelerator_,,globalaccelerator_,Global Accelerator,AWS,,,,,,,Global Accelerator,ListAccelerators,,
glue,glue,glue,glue,,glue,,,Glue,Glue,,1,,,aws_glue_,,glue_,Glue,AWS,,,,,,,Glue,ListRegistries,,
databrew,databrew,gluedatabrew,databrew,,databrew,,gluedatabrew,DataBrew,GlueDataBrew,,1,,,aws_databrew_,,databrew_,Glue DataBrew,AWS,,x,,,,,DataBrew,,,
groundstation,groundstation,groundstation,groundstation,,groundstation,,,GroundStation,GroundStation,,,2,,aws_groundstation_,,groundstation_,Ground Station,AWS,,,,,,,GroundStation,ListConfigs,,
guardduty,guardduty,guardduty,guardduty,,guardduty,,,GuardDuty,GuardDuty,,1,,,aws_guardduty_,,guardduty_,GuardDuty,Amazon,,,,,,,GuardDuty,ListDetectors,,
health,health,health,health,,health,,,Health,Health,,1,,,aws_health_,,health_,Health,AWS,,x,,,,,Health,,,
healthlake,healthlake,healthlake,healthlake,,healthlake,,,HealthLake,HealthLake,,,2,,aws_healthlake_,,healthlake_,HealthLake,Amazon,,,,,,,HealthLake,ListFHIRDatastores,,
honeycode,honeycode,honeycode,honeycode,,honeycode,,,Honeycode,Honeycode,,1,,,aws_honeycode_,,honeycode_,Honeycode,Amazon,,x,,,,,Honeycode,,,
iam,iam,iam,iam,,iam,,,IAM,IAM,,,2,,aws_iam_,,iam_,IAM (Identity & Access Management),AWS,,,,,AWS_IAM_ENDPOINT,TF_AWS_IAM_ENDPOINT,IAM,ListRoles,,
inspector,inspector,inspector,inspector,,inspector,,,Inspector,Inspector,,1,,,aws_inspector_,,inspector_,Inspector Classic,Amazon,,,,,,,Inspector,ListRulesPackages,,
inspector2,inspector2,inspector2,inspector2,,inspector2,,inspectorv2,Inspector2,Inspector2,,,2,,aws_inspector2_,,inspector2_,Inspector,Amazon,,,,,,,Inspector2,ListAccountPermissions,,
iot1click-devices,iot1clickdevices,iot1clickdevicesservice,iot1clickdevicesservice,,iot1clickdevices,,iot1clickdevicesservice,IoT1ClickDevices,IoT1ClickDevicesService,,1,,,aws_iot1clickdevices_,,iot1clickdevices_,IoT 1-Click Devices,AWS,,x,,,,,IoT 1Click Devices Service,,,
iot1click-projects,iot1clickprojects,iot1clickprojects,iot1clickprojects,,iot1clickprojects,,,IoT1ClickProjects,IoT1ClickProjects,,1,,,aws_iot1clickprojects_,,iot1clickprojects_,IoT 1-Click Projects,AWS,,x,,,,,IoT 1Click Projects,,,
iotanalytics,iotanalytics,iotanalytics,iotanalytics,,iotanalytics,,,IoTAnalytics,IoTAnalytics,,1,,,aws_iotanalytics_,,iotanalytics_,IoT Analytics,AWS,,,,,,,IoTAnalytics,ListChannels,,
iot,iot,iot,iot,,iot,,,IoT,IoT,,1,,,aws_iot_,,iot_,IoT Core,AWS,,,,,,,IoT,DescribeDefaultAuthorizer,,
iot-data,iotdata,iotdataplane,iotdataplane,,iotdata,,iotdataplane,IoTData,IoTDataPlane,,1,,,aws_iotdata_,,iotdata_,IoT Data Plane,AWS,,x,,,,,IoT Data Plane,,,
,,,,,,,,,,,,,,,,,IoT Device Defender,AWS,x,,,,,,,,,Part of IoT
iotdeviceadvisor,iotdeviceadvisor,iotdeviceadvisor,iotdeviceadvisor,,iotdeviceadvisor,,,IoTDeviceAdvisor,IoTDeviceAdvisor,,1,,,aws_iotdeviceadvisor_,,iotdeviceadvisor_,IoT Device Management,AWS,,x,,,,,IotDeviceAdvisor,,,
iotevents,iotevents,iotevents,iotevents,,iotevents,,,IoTEvents,IoTEvents,,1,,,aws_iotevents_,,iotevents_,IoT Events,AWS,,,,,,,IoT Events,ListAlarmModels,,
iotevents-data,ioteventsdata,ioteventsdata,ioteventsdata,,ioteventsdata,,,IoTEventsData,IoTEventsData,,1,,,aws_ioteventsdata_,,ioteventsdata_,IoT Events Data,AWS,,x,,,,,IoT Events Data,,,
,,,,,,,,,,,,,,,,,IoT ExpressLink,AWS,x,,,,,,,,,No SDK support
iotfleethub,iotfleethub,iotfleethub,iotfleethub,,iotfleethub,,,IoTFleetHub,IoTFleetHub,,1,,,aws_iotfleethub_,,iotfleethub_,IoT Fleet Hub,AWS,,x,,,,,IoTFleetHub,,,
,,,,,,,,,,,,,,,,,IoT FleetWise,AWS,x,,,,,,IoTFleetWise,,,No SDK support
greengrass,greengrass,greengrass,greengrass,,greengrass,,,Greengrass,Greengrass,,1,,,aws_greengrass_,,greengrass_,IoT Greengrass,AWS,,,,,,,Greengrass,ListGroups,,
greengrassv2,greengrassv2,greengrassv2,greengrassv2,,greengrassv2,,,GreengrassV2,GreengrassV2,,1,,,aws_greengrassv2_,,greengrassv2_,IoT Greengrass V2,AWS,,x,,,,,GreengrassV2,,,
iot-jobs-data,iotjobsdata,iotjobsdataplane,iotjobsdataplane,,iotjobsdata,,iotjobsdataplane,IoTJobsData,IoTJobsDataPlane,,1,,,aws_iotjobsdata_,,iotjobsdata_,IoT Jobs Data Plane,AWS,,x,,,,,IoT Jobs Data Plane,,,
,,,,,,,,,,,,,,,,,IoT RoboRunner,AWS,x,,,,,,,,,No SDK support
iotsecuretunneling,iotsecuretunneling,iotsecuretunneling,iotsecuretunneling,,iotsecuretunneling,,,IoTSecureTunneling,IoTSecureTunneling,,1,,,aws_iotsecuretunneling_,,iotsecuretunneling_,IoT Secure Tunneling,AWS,,x,,,,,IoTSecureTunneling,,,
iotsitewise,iotsitewise,iotsitewise,iotsitewise,,iotsitewise,,,IoTSiteWise,IoTSiteWise,,1,,,aws_iotsitewise_,,iotsitewise_,IoT SiteWise,AWS,,x,,,,,IoTSiteWise,,,
iotthingsgraph,iotthingsgraph,iotthingsgraph,iotthingsgraph,,iotthingsgraph,,,IoTThingsGraph,IoTThingsGraph,,1,,,aws_iotthingsgraph_,,iotthingsgraph_,IoT Things Graph,AWS,,x,,,,,IoTThingsGraph,,,
iottwinmaker,iottwinmaker,iottwinmaker,iottwinmaker,,iottwinmaker,,,IoTTwinMaker,IoTTwinMaker,,1,,,aws_iottwinmaker_,,iottwinmaker_,IoT TwinMaker,AWS,,x,,,,,IoTTwinMaker,,,
iotwireless,iotwireless,iotwireless,iotwireless,,iotwireless,,,IoTWireless,IoTWireless,,1,,,aws_iotwireless_,,iotwireless_,IoT Wireless,AWS,,x,,,,,IoT Wireless,,,
,,,,,,,,,,,,,,,,,IQ,AWS,x,,,,,,,,,No SDK support
ivs,ivs,ivs,ivs,,ivs,,,IVS,IVS,,1,,,aws_ivs_,,ivs_,IVS (Interactive Video),Amazon,,,,,,,ivs,ListChannels,,
ivschat,ivschat,ivschat,ivschat,,ivschat,,,IVSChat,Ivschat,,,2,,aws_ivschat_,,ivschat_,IVS (Interactive Video) Chat,Amazon,,,,,,,ivschat,ListRooms,,
kendra,kendra,kendra,kendra,,kendra,,,Kendra,Kendra,,,2,,aws_kendra_,,kendra_,Kendra,Amazon,,,,,,,kendra,ListIndices,,
keyspaces,keyspaces,keyspaces,keyspaces,,keyspaces,,,Keyspaces,Keyspaces,,,2,,aws_keyspaces_,,keyspaces_,Keyspaces (for Apache Cassandra),Amazon,,,,,,,Keyspaces,ListKeyspaces,,
kinesis,kinesis,kinesis,kinesis,,kinesis,,,Kinesis,Kinesis,x,,2,aws_kinesis_stream,aws_kinesis_,,kinesis_stream;kinesis_resource_policy,Kinesis,Amazon,,,,,,,Kinesis,ListStreams,,
kinesisanalytics,kinesisanalytics,kinesisanalytics,kinesisanalytics,,kinesisanalytics,,,KinesisAnalytics,KinesisAnalytics,,1,,aws_kinesis_analytics_,aws_kinesisanalytics_,,kinesis_analytics_,Kinesis Analytics,Amazon,,,,,,,Kinesis Analytics,ListApplications,,
kinesisanalyticsv2,kinesisanalyticsv2,kinesisanalyticsv2,kinesisanalyticsv2,,kinesisanalyticsv2,,,KinesisAnalyticsV2,KinesisAnalyticsV2,,1,,,aws_kinesisanalyticsv2_,,kinesisanalyticsv2_,Kinesis Analytics V2,Amazon,,,,,,,Kinesis Analytics V2,ListApplications,,
firehose,firehose,firehose,firehose,,firehose,,,Firehose,Firehose,,,2,aws_kinesis_firehose_,aws_firehose_,,kinesis_firehose_,Kinesis Firehose,Amazon,,,,,,,Firehose,ListDeliveryStreams,,
kinesisvideo,kinesisvideo,kinesisvideo,kinesisvideo,,kinesisvideo,,,KinesisVideo,KinesisVideo,,1,,,aws_kinesisvideo_,,kinesis_video_,Kinesis Video,Amazon,,,,,,,Kinesis Video,ListStreams,,
kinesis-video-archived-media,kinesisvideoarchivedmedia,kinesisvideoarchivedmedia,kinesisvideoarchivedmedia,,kinesisvideoarchivedmedia,,,KinesisVideoArchivedMedia,KinesisVideoArchivedMedia,,1,,,aws_kinesisvideoarchivedmedia_,,kinesisvideoarchivedmedia_,Kinesis Video Archived Media,Amazon,,x,,,,,Kinesis Video Archived Media,,,
kinesis-video-media,kinesisvideomedia,kinesisvideomedia,kinesisvideomedia,,kinesisvideomedia,,,KinesisVideoMedia,KinesisVideoMedia,,1,,,aws_kinesisvideomedia_,,kinesisvideomedia_,Kinesis Video Media,Amazon,,x,,,,,Kinesis Video Media,,,
kinesis-video-signaling,kinesisvideosignaling,kinesisvideosignalingchannels,kinesisvideosignaling,,kinesisvideosignaling,,kinesisvideosignalingchannels,KinesisVideoSignaling,KinesisVideoSignalingChannels,,1,,,aws_kinesisvideosignaling_,,kinesisvideosignaling_,Kinesis Video Signaling,Amazon,,x,,,,,Kinesis Video Signaling,,,
kms,kms,kms,kms,,kms,,,KMS,KMS,,,2,,aws_kms_,,kms_,KMS (Key Management),AWS,,,,,,,KMS,ListKeys,,
lakeformation,lakeformation,lakeformation,lakeformation,,lakeformation,,,LakeFormation,LakeFormation,,,2,,aws_lakeformation_,,lakeformation_,Lake Formation,AWS,,,,,,,LakeFormation,ListResources,,
lambda,lambda,lambda,lambda,,lambda,,,Lambda,Lambda,,,2,,aws_lambda_,,lambda_,Lambda,AWS,,,,,,,Lambda,ListFunctions,,
launch-wizard,launchwizard,launchwizard,launchwizard,,launchwizard,,,LaunchWizard,LaunchWizard,,,2,,aws_launchwizard_,,launchwizard_,Launch Wizard,AWS,,,,,,,Launch Wizard,ListWorkloads,,
lex-models,lexmodels,lexmodelbuildingservice,lexmodelbuildingservice,,lexmodels,,lexmodelbuilding;lexmodelbuildingservice;lex,LexModels,LexModelBuildingService,,1,,aws_lex_,aws_lexmodels_,,lex_,Lex Model Building,Amazon,,,,,,,Lex Model Building Service,GetBots,,
lexv2-models,lexv2models,lexmodelsv2,lexmodelsv2,,lexv2models,,lexmodelsv2,LexV2Models,LexModelsV2,,,2,,aws_lexv2models_,,lexv2models_,Lex V2 Models,Amazon,,,,,,,Lex Models V2,ListBots,,
lex-runtime,lexruntime,lexruntimeservice,lexruntimeservice,,lexruntime,,lexruntimeservice,LexRuntime,LexRuntimeService,,1,,,aws_lexruntime_,,lexruntime_,Lex Runtime,Amazon,,x,,,,,Lex Runtime Service,,,
lexv2-runtime,lexv2runtime,lexruntimev2,lexruntimev2,,lexruntimev2,,lexv2runtime,LexRuntimeV2,LexRuntimeV2,,1,,,aws_lexruntimev2_,,lexruntimev2_,Lex Runtime V2,Amazon,,x,,,,,Lex Runtime V2,,,
license-manager,licensemanager,licensemanager,licensemanager,,licensemanager,,,LicenseManager,LicenseManager,,1,,,aws_licensemanager_,,licensemanager_,License Manager,AWS,,,,,,,License Manager,ListLicenseConfigurations,,
lightsail,lightsail,lightsail,lightsail,,lightsail,,,Lightsail,Lightsail,x,,2,,aws_lightsail_,,lightsail_,Lightsail,Amazon,,,,,,,Lightsail,GetInstances,,
location,location,locationservice,location,,location,,locationservice,Location,LocationService,,1,,,aws_location_,,location_,Location,Amazon,,,,,,,Location,ListGeofenceCollections,,
lookoutequipment,lookoutequipment,lookoutequipment,lookoutequipment,,lookoutequipment,,,LookoutEquipment,LookoutEquipment,,1,,,aws_lookoutequipment_,,lookoutequipment_,Lookout for Equipment,Amazon,,x,,,,,LookoutEquipment,,,
lookoutmetrics,lookoutmetrics,lookoutmetrics,lookoutmetrics,,lookoutmetrics,,,LookoutMetrics,LookoutMetrics,,,2,,aws_lookoutmetrics_,,lookoutmetrics_,Lookout for Metrics,Amazon,,,,,,,LookoutMetrics,ListMetricSets,,
lookoutvision,lookoutvision,lookoutforvision,lookoutvision,,lookoutvision,,lookoutforvision,LookoutVision,LookoutForVision,,1,,,aws_lookoutvision_,,lookoutvision_,Lookout for Vision,Amazon,,x,,,,,LookoutVision,,,
,,,,,,,,,,,,,,,,,Lumberyard,Amazon,x,,,,,,,,,No SDK support
machinelearning,machinelearning,machinelearning,machinelearning,,machinelearning,,,MachineLearning,MachineLearning,,1,,,aws_machinelearning_,,machinelearning_,Machine Learning,Amazon,,x,,,,,Machine Learning,,,
macie2,macie2,macie2,macie2,,macie2,,,Macie2,Macie2,,1,,,aws_macie2_,,macie2_,Macie,Amazon,,,,,,,Macie2,ListFindings,,
macie,macie,macie,macie,,macie,,,Macie,Macie,,1,,,aws_macie_,,macie_,Macie Classic,Amazon,,x,,,,,Macie,,,
m2,m2,m2,m2,,m2,,,M2,M2,,,2,,aws_m2_,,m2_,Mainframe Modernization,AWS,,,,,,,m2,ListApplications,,
managedblockchain,managedblockchain,managedblockchain,managedblockchain,,managedblockchain,,,ManagedBlockchain,ManagedBlockchain,,1,,,aws_managedblockchain_,,managedblockchain_,Managed Blockchain,Amazon,,x,,,,,ManagedBlockchain,,,
grafana,grafana,managedgrafana,grafana,,grafana,,managedgrafana;amg,Grafana,ManagedGrafana,,1,,,aws_grafana_,,grafana_,Managed Grafana,Amazon,,,,,,,grafana,ListWorkspaces,,
kafka,kafka,kafka,kafka,,kafka,,msk,Kafka,Kafka,x,,2,aws_msk_,aws_kafka_,,msk_,Managed Streaming for Kafka,Amazon,,,,,,,Kafka,ListClusters,,
kafkaconnect,kafkaconnect,kafkaconnect,kafkaconnect,,kafkaconnect,,,KafkaConnect,KafkaConnect,,1,,aws_mskconnect_,aws_kafkaconnect_,,mskconnect_,Managed Streaming for Kafka Connect,Amazon,,,,,,,KafkaConnect,ListConnectors,,
,,,,,,,,,,,,,,,,,Management Console,AWS,x,,,,,,,,,No SDK support
marketplace-catalog,marketplacecatalog,marketplacecatalog,marketplacecatalog,,marketplacecatalog,,,MarketplaceCatalog,MarketplaceCatalog,,1,,,aws_marketplacecatalog_,,marketplace_catalog_,Marketplace Catalog,AWS,,x,,,,,Marketplace Catalog,,,
marketplacecommerceanalytics,marketplacecommerceanalytics,marketplacecommerceanalytics,marketplacecommerceanalytics,,marketplacecommerceanalytics,,,MarketplaceCommerceAnalytics,MarketplaceCommerceAnalytics,,1,,,aws_marketplacecommerceanalytics_,,marketplacecommerceanalytics_,Marketplace Commerce Analytics,AWS,,x,,,,,Marketplace Commerce Analytics,,,
marketplace-entitlement,marketplaceentitlement,marketplaceentitlementservice,marketplaceentitlementservice,,marketplaceentitlement,,marketplaceentitlementservice,MarketplaceEntitlement,MarketplaceEntitlementService,,1,,,aws_marketplaceentitlement_,,marketplaceentitlement_,Marketplace Entitlement,AWS,,x,,,,,Marketplace Entitlement Service,,,
meteringmarketplace,meteringmarketplace,marketplacemetering,marketplacemetering,,marketplacemetering,,meteringmarketplace,MarketplaceMetering,MarketplaceMetering,,1,,,aws_marketplacemetering_,,marketplacemetering_,Marketplace Metering,AWS,,x,,,,,Marketplace Metering,,,
memorydb,memorydb,memorydb,memorydb,,memorydb,,,MemoryDB,MemoryDB,,1,,,aws_memorydb_,,memorydb_,MemoryDB for Redis,Amazon,,,,,,,MemoryDB,DescribeClusters,,
,,,,,meta,,,Meta,,,,,aws_(arn|billing_service_account|default_tags|ip_ranges|partition|regions?|service)$,aws_meta_,,arn;ip_ranges;billing_service_account;default_tags;partition;region;service\.,Meta Data Sources,,x,,,x,,,,,,Not an AWS service (metadata)
mgh,mgh,migrationhub,migrationhub,,mgh,,migrationhub,MgH,MigrationHub,,1,,,aws_mgh_,,mgh_,MgH (Migration Hub),AWS,,x,,,,,Migration Hub,,,
,,,,,,,,,,,,,,,,,Microservice Extractor for .NET,AWS,x,,,,,,,,,No SDK support
migrationhub-config,migrationhubconfig,migrationhubconfig,migrationhubconfig,,migrationhubconfig,,,MigrationHubConfig,MigrationHubConfig,,1,,,aws_migrationhubconfig_,,migrationhubconfig_,Migration Hub Config,AWS,,x,,,,,MigrationHub Config,,,
migration-hub-refactor-spaces,migrationhubrefactorspaces,migrationhubrefactorspaces,migrationhubrefactorspaces,,migrationhubrefactorspaces,,,MigrationHubRefactorSpaces,MigrationHubRefactorSpaces,,1,,,aws_migrationhubrefactorspaces_,,migrationhubrefactorspaces_,Migration Hub Refactor Spaces,AWS,,x,,,,,Migration Hub Refactor Spaces,,,
migrationhubstrategy,migrationhubstrategy,migrationhubstrategyrecommendations,migrationhubstrategy,,migrationhubstrategy,,migrationhubstrategyrecommendations,MigrationHubStrategy,MigrationHubStrategyRecommendations,,1,,,aws_migrationhubstrategy_,,migrationhubstrategy_,Migration Hub Strategy,AWS,,x,,,,,MigrationHubStrategy,,,
mobile,mobile,mobile,mobile,,mobile,,,Mobile,Mobile,,1,,,aws_mobile_,,mobile_,Mobile,AWS,,x,,,,,Mobile,,,
,,mobileanalytics,,,,,,MobileAnalytics,MobileAnalytics,,,,,,,,Mobile Analytics,AWS,x,,,,,,,,,Only in Go SDK v1
,,,,,,,,,,,,,,,,,Mobile SDK for Unity,AWS,x,,,,,,,,,No SDK support
,,,,,,,,,,,,,,,,,Mobile SDK for Xamarin,AWS,x,,,,,,,,,No SDK support
,,,,,,,,,,,,,,,,,Monitron,Amazon,x,,,,,,,,,No SDK support
mq,mq,mq,mq,,mq,,,MQ,MQ,,,2,,aws_mq_,,mq_,MQ,Amazon,,,,,,,mq,ListBrokers,,
mturk,mturk,mturk,mturk,,mturk,,,MTurk,MTurk,,1,,,aws_mturk_,,mturk_,MTurk (Mechanical Turk),Amazon,,x,,,,,MTurk,,,
mwaa,mwaa,mwaa,mwaa,,mwaa,,,MWAA,MWAA,,,2,,aws_mwaa_,,mwaa_,MWAA (Managed Workflows for Apache Airflow),Amazon,,,,,,,MWAA,ListEnvironments,,
neptune,neptune,neptune,neptune,,neptune,,,Neptune,Neptune,,1,,,aws_neptune_,,neptune_,Neptune,Amazon,,,,,,,Neptune,DescribeDBClusters,,
neptune-graph,neptunegraph,,neptunegraph,,neptunegraph,,,NeptuneGraph,,,,2,,aws_neptunegraph_,,neptunegraph_,Neptune Analytics,Amazon,,,,,,,Neptune Graph,ListGraphs,,
network-firewall,networkfirewall,networkfirewall,networkfirewall,,networkfirewall,,,NetworkFirewall,NetworkFirewall,,1,,,aws_networkfirewall_,,networkfirewall_,Network Firewall,AWS,,,,,,,Network Firewall,ListFirewalls,,
networkmanager,networkmanager,networkmanager,networkmanager,,networkmanager,,,NetworkManager,NetworkManager,,1,,,aws_networkmanager_,,networkmanager_,Network Manager,AWS,,,,,,,NetworkManager,ListCoreNetworks,,
,,,,,,,,,,,,,,,,,NICE DCV,,x,,,,,,,,,No SDK support
nimble,nimble,nimblestudio,nimble,,nimble,,nimblestudio,Nimble,NimbleStudio,,1,,,aws_nimble_,,nimble_,Nimble Studio,Amazon,,x,,,,,nimble,,,
oam,oam,oam,oam,,oam,,cloudwatchobservabilityaccessmanager,ObservabilityAccessManager,OAM,,,2,,aws_oam_,,oam_,CloudWatch Observability Access Manager,Amazon,,,,,,,OAM,ListLinks,,
opensearch,opensearch,opensearchservice,opensearch,,opensearch,,opensearchservice,OpenSearch,OpenSearchService,,1,,,aws_opensearch_,,opensearch_,OpenSearch,Amazon,,,,,,,OpenSearch,ListDomainNames,,
opensearchserverless,opensearchserverless,opensearchserverless,opensearchserverless,,opensearchserverless,,,OpenSearchServerless,OpenSearchServerless,,,2,,aws_opensearchserverless_,,opensearchserverless_,OpenSearch Serverless,Amazon,,,,,,,OpenSearchServerless,ListCollections,,
osis,osis,osis,osis,,osis,,opensearchingestion,OpenSearchIngestion,OSIS,,,2,,aws_osis_,,osis_,OpenSearch Ingestion,Amazon,,,,,,,OSIS,ListPipelines,,
opsworks,opsworks,opsworks,opsworks,,opsworks,,,OpsWorks,OpsWorks,,1,,,aws_opsworks_,,opsworks_,OpsWorks,AWS,,,,,,,OpsWorks,DescribeApps,,
opsworks-cm,opsworkscm,opsworkscm,opsworkscm,,opsworkscm,,,OpsWorksCM,OpsWorksCM,,1,,,aws_opsworkscm_,,opsworkscm_,OpsWorks CM,AWS,,x,,,,,OpsWorksCM,,,
organizations,organizations,organizations,organizations,,organizations,,,Organizations,Organizations,,1,2,,aws_organizations_,,organizations_,Organizations,AWS,,,,,,,Organizations,ListAccounts,,
outposts,outposts,outposts,outposts,,outposts,,,Outposts,Outposts,,1,,,aws_outposts_,,outposts_,Outposts,AWS,,,,,,,Outposts,ListSites,,
,,,,,ec2outposts,ec2,,EC2Outposts,,,,,aws_ec2_(coip_pool|local_gateway),aws_ec2outposts_,outposts_,ec2_coip_pool;ec2_local_gateway,Outposts (EC2),AWS,x,,,x,,,,,,Part of EC2
panorama,panorama,panorama,panorama,,panorama,,,Panorama,Panorama,,1,,,aws_panorama_,,panorama_,Panorama,AWS,,x,,,,,Panorama,,,
,,,,,,,,,,,,,,,,,ParallelCluster,AWS,x,,,,,,,,,No SDK support
payment-cryptography,paymentcryptography,paymentcryptography,paymentcryptography,,paymentcryptography,,,PaymentCryptography,PaymentCryptography,,,2,,aws_paymentcryptography_,,paymentcryptography_,Payment Cryptography Control Plane,AWS,,,,,,,PaymentCryptography,ListKeys,,
pca-connector-ad,pcaconnectorad,pcaconnectorad,pcaconnectorad,,pcaconnectorad,,,PCAConnectorAD,PcaConnectorAd,,,2,,aws_pcaconnectorad_,,pcaconnectorad_,Private CA Connector for Active Directory,AWS,,,,,,,Pca Connector Ad,ListConnectors,,
personalize,personalize,personalize,personalize,,personalize,,,Personalize,Personalize,,1,,,aws_personalize_,,personalize_,Personalize,Amazon,,x,,,,,Personalize,,,
personalize-events,personalizeevents,personalizeevents,personalizeevents,,personalizeevents,,,PersonalizeEvents,PersonalizeEvents,,1,,,aws_personalizeevents_,,personalizeevents_,Personalize Events,Amazon,,x,,,,,Personalize Events,,,
personalize-runtime,personalizeruntime,personalizeruntime,personalizeruntime,,personalizeruntime,,,PersonalizeRuntime,PersonalizeRuntime,,1,,,aws_personalizeruntime_,,personalizeruntime_,Personalize Runtime,Amazon,,x,,,,,Personalize Runtime,,,
pinpoint,pinpoint,pinpoint,pinpoint,,pinpoint,,,Pinpoint,Pinpoint,,1,,,aws_pinpoint_,,pinpoint_,Pinpoint,Amazon,,,,,,,Pinpoint,GetApps,,
pinpoint-email,pinpointemail,pinpointemail,pinpointemail,,pinpointemail,,,PinpointEmail,PinpointEmail,,1,,,aws_pinpointemail_,,pinpointemail_,Pinpoint Email,Amazon,,x,,,,,Pinpoint Email,,,
pinpoint-sms-voice,pinpointsmsvoice,pinpointsmsvoice,pinpointsmsvoice,,pinpointsmsvoice,,,PinpointSMSVoice,PinpointSMSVoice,,1,,,aws_pinpointsmsvoice_,,pinpointsmsvoice_,Pinpoint SMS and Voice,Amazon,,x,,,,,Pinpoint SMS Voice,,,
pipes,pipes,pipes,pipes,,pipes,,,Pipes,Pipes,,,2,,aws_pipes_,,pipes_,EventBridge Pipes,Amazon,,,,,,,Pipes,ListPipes,,
polly,polly,polly,polly,,polly,,,Polly,Polly,,,2,,aws_polly_,,polly_,Polly,Amazon,,,,,,,Polly,ListLexicons,,
,,,,,,,,,,,,,,,,,Porting Assistant for .NET,,x,,,,,,,,,No SDK support
pricing,pricing,pricing,pricing,,pricing,,,Pricing,Pricing,,,2,,aws_pricing_,,pricing_,Pricing Calculator,AWS,,,,,,,Pricing,DescribeServices,,
proton,proton,proton,proton,,proton,,,Proton,Proton,,1,,,aws_proton_,,proton_,Proton,AWS,,x,,,,,Proton,,,
qbusiness,qbusiness,qbusiness,qbusiness,,qbusiness,,,QBusiness,QBusiness,,,2,,aws_qbusiness_,,qbusiness_,Amazon Q Business,Amazon,,,,,,,QBusiness,ListApplications,,
qldb,qldb,qldb,qldb,,qldb,,,QLDB,QLDB,,,2,,aws_qldb_,,qldb_,QLDB (Quantum Ledger Database),Amazon,,,,,,,QLDB,ListLedgers,,
qldb-session,qldbsession,qldbsession,qldbsession,,qldbsession,,,QLDBSession,QLDBSession,,1,,,aws_qldbsession_,,qldbsession_,QLDB Session,Amazon,,x,,,,,QLDB Session,,,
quicksight,quicksight,quicksight,quicksight,,quicksight,,,QuickSight,QuickSight,,1,,,aws_quicksight_,,quicksight_,QuickSight,Amazon,,,,,,,QuickSight,ListDashboards,"AwsAccountId: aws_sdkv1.String(""123456789012"")",
ram,ram,ram,ram,,ram,,,RAM,RAM,,,2,,aws_ram_,,ram_,RAM (Resource Access Manager),AWS,,,,,,,RAM,ListPermissions,,
rds,rds,rds,rds,,rds,,,RDS,RDS,,1,2,aws_(db_|rds_),aws_rds_,,rds_;db_,RDS (Relational Database),Amazon,,,,,,,RDS,DescribeDBInstances,,
rds-data,rdsdata,rdsdataservice,rdsdata,,rdsdata,,rdsdataservice,RDSData,RDSDataService,,1,,,aws_rdsdata_,,rdsdata_,RDS Data,Amazon,,x,,,,,RDS Data,,,
pi,pi,pi,pi,,pi,,,PI,PI,,1,,,aws_pi_,,pi_,RDS Performance Insights (PI),Amazon,,x,,,,,PI,,,
rbin,rbin,recyclebin,rbin,,rbin,,recyclebin,RBin,RecycleBin,,,2,,aws_rbin_,,rbin_,Recycle Bin (RBin),Amazon,,,,,,,rbin,ListRules,ResourceType: awstypes.ResourceTypeEc2Image,
,,,,,,,,,,,,,,,,,Red Hat OpenShift Service on AWS (ROSA),AWS,x,,,,,,,,,No SDK support
redshift,redshift,redshift,redshift,,redshift,,,Redshift,Redshift,,1,2,,aws_redshift_,,redshift_,Redshift,Amazon,,,,,,,Redshift,DescribeClusters,,
redshift-data,redshiftdata,redshiftdataapiservice,redshiftdata,,redshiftdata,,redshiftdataapiservice,RedshiftData,RedshiftDataAPIService,,,2,,aws_redshiftdata_,,redshiftdata_,Redshift Data,Amazon,,,,,,,Redshift Data,ListDatabases,"Database: aws_sdkv2.String(""test"")",
redshift-serverless,redshiftserverless,redshiftserverless,redshiftserverless,,redshiftserverless,,,RedshiftServerless,RedshiftServerless,,1,2,,aws_redshiftserverless_,,redshiftserverless_,Redshift Serverless,Amazon,,,,,,,Redshift Serverless,ListNamespaces,,
rekognition,rekognition,rekognition,rekognition,,rekognition,,,Rekognition,Rekognition,,,2,,aws_rekognition_,,rekognition_,Rekognition,Amazon,,,,,,,Rekognition,ListCollections,,
resiliencehub,resiliencehub,resiliencehub,resiliencehub,,resiliencehub,,,ResilienceHub,ResilienceHub,,1,,,aws_resiliencehub_,,resiliencehub_,Resilience Hub,AWS,,x,,,,,resiliencehub,,,
resource-explorer-2,resourceexplorer2,resourceexplorer2,resourceexplorer2,,resourceexplorer2,,,ResourceExplorer2,ResourceExplorer2,,,2,,aws_resourceexplorer2_,,resourceexplorer2_,Resource Explorer,AWS,,,,,,,Resource Explorer 2,ListIndexes,,
resource-groups,resourcegroups,resourcegroups,resourcegroups,,resourcegroups,,,ResourceGroups,ResourceGroups,,,2,,aws_resourcegroups_,,resourcegroups_,Resource Groups,AWS,,,,,,,Resource Groups,ListGroups,,
resourcegroupstaggingapi,resourcegroupstaggingapi,resourcegroupstaggingapi,resourcegroupstaggingapi,,resourcegroupstaggingapi,,resourcegroupstagging,ResourceGroupsTaggingAPI,ResourceGroupsTaggingAPI,,,2,,aws_resourcegroupstaggingapi_,,resourcegroupstaggingapi_,Resource Groups Tagging,AWS,,,,,,,Resource Groups Tagging API,GetResources,,
robomaker,robomaker,robomaker,robomaker,,robomaker,,,RoboMaker,RoboMaker,,1,,,aws_robomaker_,,robomaker_,RoboMaker,AWS,,x,,,,,RoboMaker,,,
rolesanywhere,rolesanywhere,rolesanywhere,rolesanywhere,,rolesanywhere,,,RolesAnywhere,RolesAnywhere,,,2,,aws_rolesanywhere_,,rolesanywhere_,Roles Anywhere,AWS,,,,,,,RolesAnywhere,ListProfiles,,
route53,route53,route53,route53,,route53,,,Route53,Route53,x,1,,aws_route53_(?!resolver_),aws_route53_,,route53_cidr_;route53_delegation_;route53_health_;route53_hosted_;route53_key_;route53_query_;route53_record;route53_traffic_;route53_vpc_;route53_zone,Route 53,Amazon,,,,,,,Route 53,ListHostedZones,,
route53domains,route53domains,route53domains,route53domains,,route53domains,,,Route53Domains,Route53Domains,x,,2,,aws_route53domains_,,route53domains_,Route 53 Domains,Amazon,,,,,,,Route 53 Domains,ListDomains,,
route53profiles,route53profiles,route53profiles,route53profiles,,route53profiles,,,Route53Profiles,Route53Profiles,,,2,,aws_route53profiles_,,route53profiles_,Route 53 Profiles,Amazon,,,,,,,Route 53 Profiles,ListProfiles,,
route53-recovery-cluster,route53recoverycluster,route53recoverycluster,route53recoverycluster,,route53recoverycluster,,,Route53RecoveryCluster,Route53RecoveryCluster,,1,,,aws_route53recoverycluster_,,route53recoverycluster_,Route 53 Recovery Cluster,Amazon,,x,,,,,Route53 Recovery Cluster,,,
route53-recovery-control-config,route53recoverycontrolconfig,route53recoverycontrolconfig,route53recoverycontrolconfig,,route53recoverycontrolconfig,,,Route53RecoveryControlConfig,Route53RecoveryControlConfig,x,1,,,aws_route53recoverycontrolconfig_,,route53recoverycontrolconfig_,Route 53 Recovery Control Config,Amazon,,,,,,,Route53 Recovery Control Config,ListClusters,,
route53-recovery-readiness,route53recoveryreadiness,route53recoveryreadiness,route53recoveryreadiness,,route53recoveryreadiness,,,Route53RecoveryReadiness,Route53RecoveryReadiness,x,1,,,aws_route53recoveryreadiness_,,route53recoveryreadiness_,Route 53 Recovery Readiness,Amazon,,,,,,,Route53 Recovery Readiness,ListCells,,
route53resolver,route53resolver,route53resolver,route53resolver,,route53resolver,,,Route53Resolver,Route53Resolver,,1,,aws_route53_resolver_,aws_route53resolver_,,route53_resolver_,Route 53 Resolver,Amazon,,,,,,,Route53Resolver,ListFirewallDomainLists,,
s3api,s3api,s3,s3,,s3,,s3api,S3,S3,x,,2,aws_(canonical_user_id|s3_bucket|s3_object|s3_directory_bucket),aws_s3_,,s3_bucket;s3_directory_bucket;s3_object;canonical_user_id,S3 (Simple Storage),Amazon,,,,,AWS_S3_ENDPOINT,TF_AWS_S3_ENDPOINT,S3,ListBuckets,,
s3control,s3control,s3control,s3control,,s3control,,,S3Control,S3Control,,,2,aws_(s3_account_|s3control_|s3_access_),aws_s3control_,,s3control;s3_account_;s3_access_,S3 Control,Amazon,,,,,,,S3 Control,ListJobs,,
glacier,glacier,glacier,glacier,,glacier,,,Glacier,Glacier,,,2,,aws_glacier_,,glacier_,S3 Glacier,Amazon,,,,,,,Glacier,ListVaults,,
s3outposts,s3outposts,s3outposts,s3outposts,,s3outposts,,,S3Outposts,S3Outposts,,1,,,aws_s3outposts_,,s3outposts_,S3 on Outposts,Amazon,,,,,,,S3Outposts,ListEndpoints,,
sagemaker,sagemaker,sagemaker,sagemaker,,sagemaker,,,SageMaker,SageMaker,,1,,,aws_sagemaker_,,sagemaker_,SageMaker,Amazon,,,,,,,SageMaker,ListClusters,,
sagemaker-a2i-runtime,sagemakera2iruntime,augmentedairuntime,sagemakera2iruntime,,sagemakera2iruntime,,augmentedairuntime,SageMakerA2IRuntime,AugmentedAIRuntime,,1,,,aws_sagemakera2iruntime_,,sagemakera2iruntime_,SageMaker A2I (Augmented AI),Amazon,,x,,,,,SageMaker A2I Runtime,,,
sagemaker-edge,sagemakeredge,sagemakeredgemanager,sagemakeredge,,sagemakeredge,,sagemakeredgemanager,SageMakerEdge,SagemakerEdgeManager,,1,,,aws_sagemakeredge_,,sagemakeredge_,SageMaker Edge Manager,Amazon,,x,,,,,Sagemaker Edge,,,
sagemaker-featurestore-runtime,sagemakerfeaturestoreruntime,sagemakerfeaturestoreruntime,sagemakerfeaturestoreruntime,,sagemakerfeaturestoreruntime,,,SageMakerFeatureStoreRuntime,SageMakerFeatureStoreRuntime,,1,,,aws_sagemakerfeaturestoreruntime_,,sagemakerfeaturestoreruntime_,SageMaker Feature Store Runtime,Amazon,,x,,,,,SageMaker FeatureStore Runtime,,,
sagemaker-runtime,sagemakerruntime,sagemakerruntime,sagemakerruntime,,sagemakerruntime,,,SageMakerRuntime,SageMakerRuntime,,1,,,aws_sagemakerruntime_,,sagemakerruntime_,SageMaker Runtime,Amazon,,x,,,,,SageMaker Runtime,,,
,,,,,,,,,,,,,,,,,SAM (Serverless Application Model),AWS,x,,,,,,,,,No SDK support
savingsplans,savingsplans,savingsplans,savingsplans,,savingsplans,,,SavingsPlans,SavingsPlans,,1,,,aws_savingsplans_,,savingsplans_,Savings Plans,AWS,,x,,,,,savingsplans,,,
,,,,,,,,,,,,,,,,,Schema Conversion Tool,AWS,x,,,,,,,,,No SDK support
sdb,sdb,simpledb,,simpledb,sdb,,sdb,SimpleDB,SimpleDB,,1,,aws_simpledb_,aws_sdb_,,simpledb_,SDB (SimpleDB),Amazon,,,,,,,SimpleDB,ListDomains,,
scheduler,scheduler,scheduler,scheduler,,scheduler,,,Scheduler,Scheduler,,,2,,aws_scheduler_,,scheduler_,EventBridge Scheduler,Amazon,,,,,,,Scheduler,ListSchedules,,
secretsmanager,secretsmanager,secretsmanager,secretsmanager,,secretsmanager,,,SecretsManager,SecretsManager,,,2,,aws_secretsmanager_,,secretsmanager_,Secrets Manager,AWS,,,,,,,Secrets Manager,ListSecrets,,
securityhub,securityhub,securityhub,securityhub,,securityhub,,,SecurityHub,SecurityHub,,,2,,aws_securityhub_,,securityhub_,Security Hub,AWS,,,,,,,SecurityHub,ListAutomationRules,,
securitylake,securitylake,securitylake,securitylake,,securitylake,,,SecurityLake,SecurityLake,,,2,,aws_securitylake_,,securitylake_,Security Lake,Amazon,,,,,,,SecurityLake,ListDataLakes,,
serverlessrepo,serverlessrepo,serverlessapplicationrepository,serverlessapplicationrepository,,serverlessrepo,,serverlessapprepo;serverlessapplicationrepository,ServerlessRepo,ServerlessApplicationRepository,,1,,aws_serverlessapplicationrepository_,aws_serverlessrepo_,,serverlessapplicationrepository_,Serverless Application Repository,AWS,,,,,,,ServerlessApplicationRepository,ListApplications,,
servicecatalog,servicecatalog,servicecatalog,servicecatalog,,servicecatalog,,,ServiceCatalog,ServiceCatalog,,1,,,aws_servicecatalog_,,servicecatalog_,Service Catalog,AWS,,,,,,,Service Catalog,ListPortfolios,,
servicecatalog-appregistry,servicecatalogappregistry,appregistry,servicecatalogappregistry,,servicecatalogappregistry,,appregistry,ServiceCatalogAppRegistry,AppRegistry,,,2,,aws_servicecatalogappregistry_,,servicecatalogappregistry_,Service Catalog AppRegistry,AWS,,,,,,,Service Catalog AppRegistry,ListApplications,,
service-quotas,servicequotas,servicequotas,servicequotas,,servicequotas,,,ServiceQuotas,ServiceQuotas,,,2,,aws_servicequotas_,,servicequotas_,Service Quotas,,,,,,,,Service Quotas,ListServices,,
ses,ses,ses,ses,,ses,,,SES,SES,,1,,,aws_ses_,,ses_,SES (Simple Email),Amazon,,,,,,,SES,ListIdentities,,
sesv2,sesv2,sesv2,sesv2,,sesv2,,,SESV2,SESV2,,,2,,aws_sesv2_,,sesv2_,SESv2 (Simple Email V2),Amazon,,,,,,,SESv2,ListContactLists,,
stepfunctions,stepfunctions,sfn,sfn,,sfn,,stepfunctions,SFN,SFN,,1,,,aws_sfn_,,sfn_,SFN (Step Functions),AWS,,,,,,,SFN,ListActivities,,
shield,shield,shield,shield,,shield,,,Shield,Shield,x,,2,,aws_shield_,,shield_,Shield,AWS,,,,,,,Shield,ListProtectionGroups,,
signer,signer,signer,signer,,signer,,,Signer,Signer,,,2,,aws_signer_,,signer_,Signer,AWS,,,,,,,signer,ListSigningJobs,,
sms,sms,sms,sms,,sms,,,SMS,SMS,,1,,,aws_sms_,,sms_,SMS (Server Migration),AWS,,x,,,,,SMS,,,
snow-device-management,snowdevicemanagement,snowdevicemanagement,snowdevicemanagement,,snowdevicemanagement,,,SnowDeviceManagement,SnowDeviceManagement,,1,,,aws_snowdevicemanagement_,,snowdevicemanagement_,Snow Device Management,AWS,,x,,,,,Snow Device Management,,,
snowball,snowball,snowball,snowball,,snowball,,,Snowball,Snowball,,1,,,aws_snowball_,,snowball_,Snow Family,AWS,,x,,,,,Snowball,,,
sns,sns,sns,sns,,sns,,,SNS,SNS,,,2,,aws_sns_,,sns_,SNS (Simple Notification),Amazon,,,,,,,SNS,ListSubscriptions,,
sqs,sqs,sqs,sqs,,sqs,,,SQS,SQS,,,2,,aws_sqs_,,sqs_,SQS (Simple Queue),Amazon,,,,,,,SQS,ListQueues,,
ssm,ssm,ssm,ssm,,ssm,,,SSM,SSM,,,2,,aws_ssm_,,ssm_,SSM (Systems Manager),AWS,,,,,,,SSM,ListDocuments,,
ssm-contacts,ssmcontacts,ssmcontacts,ssmcontacts,,ssmcontacts,,,SSMContacts,SSMContacts,,,2,,aws_ssmcontacts_,,ssmcontacts_,SSM Contacts,AWS,,,,,,,SSM Contacts,ListContacts,,
ssm-incidents,ssmincidents,ssmincidents,ssmincidents,,ssmincidents,,,SSMIncidents,SSMIncidents,,,2,,aws_ssmincidents_,,ssmincidents_,SSM Incident Manager Incidents,AWS,,,,,,,SSM Incidents,ListResponsePlans,,
ssm-sap,ssmsap,ssmsap,ssmsap,,ssmsap,,,SSMSAP,SsmSap,,,2,,aws_ssmsap_,,ssmsap_,Systems Manager for SAP,AWS,,,,,,,Ssm Sap,ListApplications,,
sso,sso,sso,sso,,sso,,,SSO,SSO,,,2,,aws_sso_,,sso_,SSO (Single Sign-On),AWS,,x,x,,,,SSO,ListAccounts,"AccessToken: aws_sdkv2.String(""mock-access-token"")",
sso-admin,ssoadmin,ssoadmin,ssoadmin,,ssoadmin,,,SSOAdmin,SSOAdmin,x,,2,,aws_ssoadmin_,,ssoadmin_,SSO Admin,AWS,,,,,,,SSO Admin,ListInstances,,
identitystore,identitystore,identitystore,identitystore,,identitystore,,,IdentityStore,IdentityStore,,,2,,aws_identitystore_,,identitystore_,SSO Identity Store,AWS,,,,,,,identitystore,ListUsers,"IdentityStoreId: aws_sdkv2.String(""d-1234567890"")",
sso-oidc,ssooidc,ssooidc,ssooidc,,ssooidc,,,SSOOIDC,SSOOIDC,,1,,,aws_ssooidc_,,ssooidc_,SSO OIDC,AWS,,x,,,,,SSO OIDC,,,
storagegateway,storagegateway,storagegateway,storagegateway,,storagegateway,,,StorageGateway,StorageGateway,,1,,,aws_storagegateway_,,storagegateway_,Storage Gateway,AWS,,,,,,,Storage Gateway,ListGateways,,
sts,sts,sts,sts,,sts,,,STS,STS,x,,2,aws_caller_identity,aws_sts_,,caller_identity,STS (Security Token),AWS,,,,,AWS_STS_ENDPOINT,TF_AWS_STS_ENDPOINT,STS,GetCallerIdentity,,
,,,,,,,,,,,,,,,,,Sumerian,Amazon,x,,,,,,,,,No SDK support
support,support,support,support,,support,,,Support,Support,,1,,,aws_support_,,support_,Support,AWS,,x,,,,,Support,,,
swf,swf,swf,swf,,swf,,,SWF,SWF,,,2,,aws_swf_,,swf_,SWF (Simple Workflow),Amazon,,,,,,,SWF,ListDomains,"RegistrationStatus: ""REGISTERED""",
,,,,,,,,,,,,,,,,,Tag Editor,AWS,x,,,,,,,,,Part of Resource Groups Tagging
textract,textract,textract,textract,,textract,,,Textract,Textract,,1,,,aws_textract_,,textract_,Textract,Amazon,,x,,,,,Textract,,,
timestream-query,timestreamquery,timestreamquery,timestreamquery,,timestreamquery,,,TimestreamQuery,TimestreamQuery,,1,,,aws_timestreamquery_,,timestreamquery_,Timestream Query,Amazon,,x,,,,,Timestream Query,,,
timestream-write,timestreamwrite,timestreamwrite,timestreamwrite,,timestreamwrite,,,TimestreamWrite,TimestreamWrite,,,2,,aws_timestreamwrite_,,timestreamwrite_,Timestream Write,Amazon,,,,,,,Timestream Write,ListDatabases,,
,,,,,,,,,,,,,,,,,Tools for PowerShell,AWS,x,,,,,,,,,No SDK support
,,,,,,,,,,,,,,,,,Training and Certification,AWS,x,,,,,,,,,No SDK support
transcribe,transcribe,transcribeservice,transcribe,,transcribe,,transcribeservice,Transcribe,TranscribeService,,,2,,aws_transcribe_,,transcribe_,Transcribe,Amazon,,,,,,,Transcribe,ListLanguageModels,,
,,transcribestreamingservice,transcribestreaming,,transcribestreaming,,transcribestreamingservice,TranscribeStreaming,TranscribeStreamingService,,1,,,aws_transcribestreaming_,,transcribestreaming_,Transcribe Streaming,Amazon,,x,,,,,Transcribe Streaming,,,
transfer,transfer,transfer,transfer,,transfer,,,Transfer,Transfer,,1,2,,aws_transfer_,,transfer_,Transfer Family,AWS,,,,,,,Transfer,ListConnectors,,
,,,,,transitgateway,ec2,,TransitGateway,,,,,aws_ec2_transit_gateway,aws_transitgateway_,transitgateway_,ec2_transit_gateway,Transit Gateway,AWS,x,,,x,,,,,,Part of EC2
translate,translate,translate,translate,,translate,,,Translate,Translate,,1,,,aws_translate_,,translate_,Translate,Amazon,,x,,,,,Translate,,,
,,,,,,,,,,,,,,,,,Trusted Advisor,AWS,x,,,,,,,,,Part of Support
,,,,,verifiedaccess,ec2,,VerifiedAccess,,,,,aws_verifiedaccess,aws_verifiedaccess_,verifiedaccess_,verifiedaccess_,Verified Access,AWS,x,,,x,,,,,,Part of EC2
,,,,,vpc,ec2,,VPC,,,,,aws_((default_)?(network_acl|route_table|security_group|subnet|vpc(?!_ipam))|ec2_(managed|network|subnet|traffic)|egress_only_internet|flow_log|internet_gateway|main_route_table_association|nat_gateway|network_interface|prefix_list|route\b),aws_vpc_,vpc_,default_network_;default_route_;default_security_;default_subnet;default_vpc;ec2_managed_;ec2_network_;ec2_subnet_;ec2_traffic_;egress_only_;flow_log;internet_gateway;main_route_;nat_;network_;prefix_list;route_;route\.;security_group;subnet;vpc_dhcp_;vpc_endpoint;vpc_ipv;vpc_network_performance;vpc_peering_;vpc_security_group_;vpc\.;vpcs\.,VPC (Virtual Private Cloud),Amazon,x,,,x,,,,,,Part of EC2
vpc-lattice,vpclattice,vpclattice,vpclattice,,vpclattice,,,VPCLattice,VPCLattice,,,2,,aws_vpclattice_,,vpclattice_,VPC Lattice,Amazon,,,,,,,VPC Lattice,ListServices,,
,,,,,ipam,ec2,,IPAM,,,,,aws_vpc_ipam,aws_ipam_,ipam_,vpc_ipam,VPC IPAM (IP Address Manager),Amazon,x,,,x,,,,,,Part of EC2
,,,,,vpnclient,ec2,,ClientVPN,,,,,aws_ec2_client_vpn,aws_vpnclient_,vpnclient_,ec2_client_vpn_,VPN (Client),AWS,x,,,x,,,,,,Part of EC2
,,,,,vpnsite,ec2,,SiteVPN,,,,,aws_(customer_gateway|vpn_),aws_vpnsite_,vpnsite_,customer_gateway;vpn_,VPN (Site-to-Site),AWS,x,,,x,,,,,,Part of EC2
wafv2,wafv2,wafv2,wafv2,,wafv2,,,WAFV2,WAFV2,,,2,,aws_wafv2_,,wafv2_,WAF,AWS,,,,,,,WAFV2,ListRuleGroups,Scope: awstypes.ScopeRegional,
waf,waf,waf,waf,,waf,,,WAF,WAF,,,2,,aws_waf_,,waf_,WAF Classic,AWS,,,,,,,WAF,ListRules,,
waf-regional,wafregional,wafregional,wafregional,,wafregional,,,WAFRegional,WAFRegional,,,2,,aws_wafregional_,,wafregional_,WAF Classic Regional,AWS,,,,,,,WAF Regional,ListRules,,
,,,,,,,,,,,,,,,,,WAM (WorkSpaces Application Manager),Amazon,x,,,,,,,,,No SDK support
,,,,,wavelength,ec2,,Wavelength,,,,,aws_ec2_carrier_gateway,aws_wavelength_,wavelength_,ec2_carrier_,Wavelength,AWS,x,,,x,,,,,,Part of EC2
budgets,budgets,budgets,budgets,,budgets,,,Budgets,Budgets,,,2,,aws_budgets_,,budgets_,Web Services Budgets,Amazon,,,,,,,Budgets,DescribeBudgets,"AccountId: aws_sdkv2.String(""012345678901"")",
wellarchitected,wellarchitected,wellarchitected,wellarchitected,,wellarchitected,,,WellArchitected,WellArchitected,,,2,,aws_wellarchitected_,,wellarchitected_,Well-Architected Tool,AWS,,,,,,,WellArchitected,ListProfiles,,
workdocs,workdocs,workdocs,workdocs,,workdocs,,,WorkDocs,WorkDocs,,1,,,aws_workdocs_,,workdocs_,WorkDocs,Amazon,,x,,,,,WorkDocs,,,
worklink,worklink,worklink,worklink,,worklink,,,WorkLink,WorkLink,,1,,,aws_worklink_,,worklink_,WorkLink,Amazon,,,,,,,WorkLink,ListFleets,,
workmail,workmail,workmail,workmail,,workmail,,,WorkMail,WorkMail,,1,,,aws_workmail_,,workmail_,WorkMail,Amazon,,x,,,,,WorkMail,,,
workmailmessageflow,workmailmessageflow,workmailmessageflow,workmailmessageflow,,workmailmessageflow,,,WorkMailMessageFlow,WorkMailMessageFlow,,1,,,aws_workmailmessageflow_,,workmailmessageflow_,WorkMail Message Flow,Amazon,,x,,,,,WorkMailMessageFlow,,,
workspaces,workspaces,workspaces,workspaces,,workspaces,,,WorkSpaces,WorkSpaces,,,2,,aws_workspaces_,,workspaces_,WorkSpaces,Amazon,,,,,,,WorkSpaces,DescribeWorkspaces,,
workspaces-web,workspacesweb,workspacesweb,workspacesweb,,workspacesweb,,,WorkSpacesWeb,WorkSpacesWeb,,,2,,aws_workspacesweb_,,workspacesweb_,WorkSpaces Web,Amazon,,,,,,,WorkSpaces Web,ListPortals,,
xray,xray,xray,xray,,xray,,,XRay,XRay,,,2,,aws_xray_,,xray_,X-Ray,AWS,,,,,,,XRay,ListResourcePolicies,,
verifiedpermissions,verifiedpermissions,verifiedpermissions,verifiedpermissions,,verifiedpermissions,,,VerifiedPermissions,VerifiedPermissions,,,2,,aws_verifiedpermissions_,,verifiedpermissions_,Verified Permissions,Amazon,,,,,,,VerifiedPermissions,ListPolicyStores,,
codecatalyst,codecatalyst,codecatalyst,codecatalyst,,codecatalyst,,,CodeCatalyst,CodeCatalyst,,,2,,aws_codecatalyst_,,codecatalyst_,CodeCatalyst,Amazon,,,,,,,CodeCatalyst,ListAccessTokens,,
mediapackagev2,mediapackagev2,mediapackagev2,mediapackagev2,,mediapackagev2,,,MediaPackageV2,MediaPackageV2,,,2,aws_media_packagev2_,aws_mediapackagev2_,,media_packagev2_,Elemental MediaPackage Version 2,AWS,,,,,,,MediaPackageV2,ListChannelGroups,,
